Бренд,Модель,Тип,Пол,Размер,Цвет,Материал,Цена в долларах
Nike,Air Jordan 1,Basketball,Men,10,Red/Black,Leather,170
Adidas,Ultra Boost 21,Running,Men,"9,5",Black,Primeknit,180
Reebok,Classic Leather,Casual,Men,11,White,Leather,75
Converse,Chuck Taylor,Casual,Women,8,Navy,Canvas,55
Puma,Future Rider,Lifestyle,Women,"7,5",Pink,Mesh,80
Vans,Old Skool,Skate,Men,"8,5",Black/White,Suede/Canvas,65
New Balance,990v5,Running,Women,"6,5",Grey,Suede/Mesh,175
Asics,Gel-Kayano 28,Running,Men,"10,5",Blue,Mesh,160
Fila,Disruptor II,Fashion,Women,9,White,Leather/Synthetic,65
Skechers,Go Run Razor 3,Running,Men,9,Black,Mesh,110
Nike,Air Max 270,Running,Women,7,Pink,Mesh,150
Adidas,Stan Smith,Casual,Men,9,White/Green,Leather,80
Reebok,Club C 85,Casual,Women,"8,5",Pink,Leather,70
Converse,One Star,Skate,Men,10,Black,Suede,75
Puma,RS-Fast,Lifestyle,Men,"9,5",Yellow,Leather/Synthetic,110
Vans,Authentic,Skate,Women,6,White,Canvas,50
New Balance,Fresh Foam 1080v11,Running,Men,"11,5",Blue,Mesh,150
Asics,Gel-Nimbus 23,Running,Women,8,Purple,Mesh,150
Fila,Ray Tracer,Fashion,Men,10,Black,Synthetic,70
Skechers,Arch Fit,Walking,Women,"7,5",Grey,Mesh,70
Nike,Air Force 1,Casual,Men,10,White,Leather,90
Adidas,NMD_R1,Running,Women,"8,5",Black/Pink,Primeknit,140
Reebok,Zig Kinetica II,Running,Men,11,White,Mesh,120
Converse,Jack Purcell,Casual,Women,"7,5",Navy,Canvas,65
Puma,Calibrate Runner,Running,Men,"9,5",Black,Mesh,80
Vans,Sk8-Hi,Skate,Women,8,Black/White,Suede/Canvas,70
New Balance,327,Lifestyle,Men,10,Blue/Orange,Suede/Mesh,90
Asics,Gel-Quantum 180,Running,Women,9,Grey,Mesh/Synthetic,120
Fila,Mindblower,Fashion,Men,"8,5",White,Leather/Synthetic,75
Skechers,D'Lites,Walking,Women,7,Black,Synthetic,65
Nike,Air Max 2090,Running,Men,9,Grey,Mesh,150
Adidas,Adizero Adios 5,Running,Women,"7,5",Blue,Mesh,170
Reebok,Nano 9,Cross-training,Men,10,Black,Mesh/Synthetic,130
Converse,Chuck 70,Casual,Women,9,Pink,Canvas,85
Puma,Future Rider Play,Lifestyle,Men,9,Black/Red,Synthetic,90
Vans,Slip-On,Skate,Women,7,Checkered,Canvas,50
New Balance,574,Casual,Men,9,Black/Grey,Suede/Textile,80
Asics,Gel-Kayano 27,Running,Women,"8,5",Purple,Mesh/Synthetic,160
Fila,Venom,Fashion,Men,"9,5",White/Red,Leather/Synthetic,65
Skechers,Go Walk 5,Walking,Women,"7,5",Black,Mesh,60
Nike,Air Force 1,Casual,Men,11,White,Leather,90
Adidas,NMD_R1,Running,Women,9,Black,Knit,140
Reebok,Zig Kinetica II,Running,Men,"9,5",White,Mesh,120
Converse,Jack Purcell,Casual,Men,10,White,Canvas,65
Puma,Suede Classic,Casual,Women,"8,5",Beige,Suede,65
Vans,Sk8-Hi,Skate,Men,8,Black/White,Suede/Canvas,70
New Balance,327,Casual,Women,"7,5",Orange,Suede/Mesh,100
Asics,Gel-Kayano 28,Running,Women,7,White,Mesh,160
Fila,Original Fitness,Casual,Men,11,White/Navy,Leather,70
Skechers,Go Walk 5,Walking,Women,8,Black,Mesh,60
Nike,Free RN 5.0,Running,Men,10,Grey,Mesh,100
Adidas,Adilette Cloudfoam,Slides,Women,6,Black,Synthetic,35
Reebok,Nano 9,Crossfit,Men,"10,5",Black,Mesh,130
Converse,Chuck 70,Casual,Women,"7,5",Pink,Canvas,85
Puma,Clyde All Pro,Basketball,Men,"9,5",Black/Red,Leather,130
Vans,Era,Skate,Women,"6,5",White,Canvas,55
New Balance,Fresh Foam More v2,Running,Men,12,Black/Grey,Mesh,165
Asics,GT-2000 10,Running,Women,7,Blue,Mesh,120
Fila,Mindblower,Casual,Men,"9,5",White/Blue,Leather/Synthetic,75
Skechers,Dynamight 2.0,Training,Women,9,Black,Mesh,50
Nike,Air Force 1,Basketball,Men,11,White,Leather,90
Adidas,NMD_R1,Lifestyle,Women,7,Pink,Primeknit,130
Reebok,Nano X1,Training,Men,9,Black,Knit,130
Converse,Chuck 70,Casual,Women,"8,5",Yellow,Canvas,85
Puma,Clyde All-Pro,Basketball,Men,10,Red,Leather,130
Vans,Sk8-Hi,Skate,Women,7,Black,Suede,70
New Balance,Fresh Foam 1080v11,Running,Women,8,Green,Mesh,150
Asics,Gel-Quantum 360,Running,Men,11,Blue,Mesh,170
Fila,D-Formation,Casual,Women,"8,5",White,Leather,65
Skechers,Max Cushioning,Running,Men,"8,5",Black,Mesh,90
Nike,Air Max 90,Lifestyle,Women,6,Grey,Leather,120
Adidas,Yeezy Boost 350,Lifestyle,Men,10,Black,Primeknit,220
Reebok,Classic Nylon,Casual,Women,"7,5",Pink,Nylon,65
Converse,Jack Purcell,Casual,Men,9,White,Canvas,65
Puma,Calibrate Runner,Running,Women,9,Grey,Mesh,120
Vans,Era,Skate,Men,"9,5",Red,Canvas,50
New Balance,FuelCell Echo,Running,Women,7,Pink,Mesh,100
Asics,GT-2000 9,Running,Men,"10,5",Black,Mesh,120
Fila,Original Fitness,Casual,Women,7,White,Leather,60
Skechers,Elite Flex,Walking,Men,10,Navy,Mesh,65
Nike,Blazer Low,Lifestyle,Women,"7,5",White,Leather,85
Nike,Air Force 1,Basketball,Men,10,White,Leather,90
Adidas,NMD_R1,Lifestyle,Men,"8,5",Black,Primeknit,140
Reebok,Nano X1,Training,Women,"7,5",Grey,Flexweave,130
Converse,Jack Purcell,Casual,Men,9,White,Canvas,65
Puma,Clyde All-Pro,Basketball,Men,11,Red/White,Leather,120
Vans,SK8-Hi,Skate,Women,6,Black,Suede/Canvas,70
New Balance,574,Casual,Men,10,Navy,Suede/Mesh,80
Asics,Gel-Lyte III NS,Casual,Women,8,Pink,Mesh,100
Fila,Mindblower,Fashion,Men,"9,5",White,Leather/Synthetic,75
Skechers,Max Cushioning,Running,Women,7,Black,Mesh,75
Nike,React Infinity Run Flyknit 2,Running,Men,"9,5",Blue,Flyknit,160
Adidas,Harden Stepback,Basketball,Men,12,Grey,Synthetic,80
Reebok,Classic Nylon,Casual,Women,"7,5",Black,Nylon,65
Converse,Chuck 70,Casual,Men,8,Yellow,Canvas,85
Puma,Calibrate Runner,Running,Men,"10,5",Black/Yellow,Mesh,80
Vans,Era,Skate,Women,7,Green,Canvas,55
New Balance,FuelCell Propel V3,Running,Women,"6,5",Purple,Mesh,100
Asics,Gel-Kayano 28 Lite-Show,Running,Men,11,Black,Mesh,170
Fila,Trailblazer,Fashion,Women,8,White/Pink,Leather,65
Skechers,Summits - Quick Getaway,Walking,Men,9,Grey,Mesh,60
Nike,Air Zoom Tempo NEXT% FlyEase,Running,Women,"8,5",White,Mesh,200
Nike,React Infinity Run 2,Running,Women,"7,5",Grey,Mesh,160
Adidas,Superstar,Casual,Men,"8,5",Black/White,Leather,80
Reebok,Zig Kinetica Horizon,Running,Women,"6,5",Blue,Mesh,120
Converse,Chuck 70,Casual,Men,9,White,Canvas,85
Puma,Cali Sport,Lifestyle,Women,"9,5",White,Leather,90
Vans,Sk8-Hi,Skate,Men,10,Black/White,Suede/Canvas,70
New Balance,990v5,Running,Men,"9,5",Grey,Suede/Mesh,175
Asics,Gel-Venture 8,Trail,Women,"8,5",Blue,Mesh,70
Fila,Mindblower,Fashion,Men,11,White,Synthetic,75
Skechers,Go Run Mojo,Running,Women,7,Black,Mesh,60
Nike,Air Zoom Pegasus 38,Running,Men,11,Black,Mesh,120
Adidas,Ultraboost 5.0 DNA,Running,Women,"8,5",Grey,Primeknit,180
Reebok,Classic Leather Legacy,Casual,Men,"9,5",White,Leather,80
Converse,Jack Purcell,Casual,Women,6,Navy,Canvas,65
Puma,RS-Fast Tech,Lifestyle,Men,"9,5",Black/Red,Synthetic,110
Vans,Era,Skate,Women,"7,5",Black/White,Canvas,50
New Balance,Fresh Foam Roav,Running,Men,10,Red,Mesh,80
Asics,GT-2000 10,Running,Women,9,Black,Mesh,120
Fila,Original Fitness,Fashion,Men,10,White,Leather,60
Skechers,Max Cushioning Elite,Walking,Women,8,Navy,Mesh,80
Nike,Air Force 1 '07,Basketball,Men,11,White,Leather,90
Adidas,NMD_R1,Running,Women,8,Pink,Primeknit,140
Reebok,Nano 9,Training,Men,"9,5",Black/White,Mesh,130
Converse,Jack Purcell,Casual,Women,"7,5",White,Canvas,65
Puma,Calibrate Runner,Running,Men,10,Black/Grey,Mesh/Synthetic,90
Vans,Sk8-Hi,Skate,Women,9,Black/White,Canvas,65
New Balance,FuelCell Rebel v2,Running,Men,"9,5",Blue/White,Mesh,130
Asics,Gel-Kinsei OG,Running,Women,"7,5",White/Grey,Mesh/Leather,180
Fila,Spaghetti,Fashion,Men,8,White/Navy,Leather/Synthetic,65
Skechers,Go Walk 5,Walking,Women,"6,5",Black,Mesh,60
Nike,ZoomX Invincible Run,Running,Men,11,Black,Mesh/Synthetic,180
Adidas,Ultraboost DNA,Running,Women,8,Grey,Primeknit,180
Reebok,Classic Nylon,Casual,Men,"10,5",Black,Nylon,60
Converse,Run Star Hike,Casual,Women,8,Cream,Canvas,110
Puma,Suede Classic+,Casual,Men,8,Red/White,Suede,65
Vans,Era,Skate,Women,"7,5",Green,Canvas,50
New Balance,Fresh Foam More v3,Running,Men,11,Black/Grey,Mesh/Synthetic,165
Asics,Gel-Quantum 90 3,Running,Women,9,Pink,Mesh/Synthetic,90
Fila,Original Fitness,Casual,Men,"9,5",White/Navy/Red,Leather,60
Skechers,Go Run Mojo Pep,Running,Women,"8,5",Black/White,Mesh,55
Nike,Air Force 1,Casual,Men,11,White,Leather,90
Adidas,NMD_R1,Running,Women,"8,5",Pink,Primeknit,130
Reebok,Zig Kinetica II,Running,Men,9,Blue,Mesh,120
Converse,Chuck 70,Casual,Women,7,Black,Canvas,85
Puma,Clyde All-Pro,Basketball,Men,10,White,Leather,130
Vans,Sk8-Hi,Skate,Women,9,Black/White,Suede/Canvas,65
New Balance,574 Classic,Casual,Men,"10,5",Grey,Suede/Mesh,80
Asics,Gel-Quantum 90 3,Running,Women,"7,5",Black,Mesh,70
Fila,Mindblower,Fashion,Men,11,Grey,Leather/Synthetic,75
Skechers,Max Cushioning Premier,Running,Women,"7,5",Pink,Mesh,90
Nike,Blazer Mid '77,Casual,Men,"9,5",White,Leather,100
Adidas,Superstar,Casual,Women,"7,5",Black/White,Leather,85
Reebok,DMX Thrill,Running,Men,10,Black,Mesh,70
Converse,Jack Purcell,Casual,Women,"8,5",White,Canvas,65
Puma,Calibrate Runner,Running,Men,"9,5",Black/Yellow,Mesh,140
Vans,Slip-On,Skate,Women,"6,5",Checkered,Canvas,50
New Balance,Fresh Foam Beacon V3,Running,Men,11,Blue,Mesh,120
Asics,Gel-Venture 8,Trail,Women,"9,5",Grey,Mesh,70
Fila,F-13,Fashion,Men,10,White,Leather,70
Skechers,Equalizer 4.0,Training,Women,"8,5",Black,Mesh,65
Nike,KD13,Basketball,Men,11,Blue,Mesh,150
Nike,React Infinity Run Flyknit 2,Running,Women,"9,5",Black/White,Flyknit,160
Adidas,NMD_R1,Lifestyle,Men,"11,5",Grey,Primeknit,140
Reebok,Aztrek 96,Casual,Women,"8,5",Yellow/Black,Leather/Synthetic,90
Converse,Jack Purcell,Casual,Men,9,Navy/White,Canvas,70
Puma,Calibrate Runner,Running,Men,10,Black,Mesh,100
Vans,Sk8-Hi,Skate,Women,"7,5",Black/White,Suede/Canvas,65
New Balance,327,Casual,Men,10,Green,Suede/Leather,90
Asics,GT-2000 10,Running,Women,8,Blue,Mesh,120
Fila,Trailblazer,Fashion,Men,9,White/Grey,Leather,85
Skechers,Max Cushioning Premier,Running,Women,7,Grey/Pink,Mesh,105
Nike,Blazer Mid '77,Casual,Men,"8,5",Green,Leather,100
Adidas,Ultraboost 6.0,Running,Women,"7,5",Black/White,Primeknit,180
Reebok,Classic Nylon,Casual,Men,"11,5",Blue/White,Nylon,60
Converse,Pro Leather,Casual,Women,"9,5",White/Green,Leather,75
Puma,Clyde All-Pro,Basketball,Men,"9,5",Black,Leather/Synthetic,130
Vans,Era 95 DX,Skate,Women,"6,5",Black/White,Canvas,65
New Balance,Fresh Foam More v3,Running,Men,10,Black/Grey,Mesh,165
Asics,Gel-Quantum 360 6,Running,Women,9,Grey/Green,Mesh,180
Fila,Spaghetti,Basketball,Men,"10,5",White,Leather,75
Skechers,Uno Bold Move,Casual,Women,"8,5",Black/White,Synthetic,70
Nike,Air Force 1,Basketball,Men,10,White,Leather,100
Adidas,NMD_R1,Lifestyle,Women,8,Grey,Primeknit,140
Reebok,Nano X1,Training,Men,"9,5",Black,Knit,130
Converse,Jack Purcell,Casual,Women,"6,5",Navy,Canvas,65
Puma,Calibrate Runner,Running,Men,11,Black,Mesh,80
Vans,Sk8-Hi,Skate,Women,"7,5",Black/White,Canvas/Suede,70
New Balance,327,Lifestyle,Men,10,Beige,Suede/Mesh,100
Asics,Gel-Excite 8,Running,Women,9,Pink,Mesh,75
Fila,Memory Fresh 2,Walking,Men,10,White,Synthetic,60
Skechers,Energy Burst,Running,Women,8,Black,Mesh,70
Nike,Flyknit Trainer,Running,Men,10,Black/White,Flyknit,150
Adidas,Ultraboost 4.0,Running,Women,7,Blue,Primeknit,180
Reebok,Floatride Energy,Running,Men,"10,5",Grey,Mesh,100
Converse,Chuck 70 High,Casual,Women,9,Pink,Canvas,85
Puma,Clyde All-Pro,Basketball,Men,9,White,Leather,130
Vans,Era,Skate,Women,"8,5",Black,Canvas,50
New Balance,Fresh Foam Beacon v3,Running,Men,12,Blue,Mesh,120
Asics,Gel-Kayano 27,Running,Women,"8,5",Black,Mesh,160
Fila,Trailblazer,Fashion,Men,11,Black,Leather,75
Skechers,Equalizer 4.0,Walking,Women,7,Grey,Mesh,60
Nike,Blazer Mid '77,Casual,Men,"9,5",White/Red/Navy,Leather,100
Adidas,Superstar,Casual,Women,"7,5",White/Black,Leather,80
Reebok,Zig Kinetica,Running,Men,"11,5",White/Black,Mesh,120
Converse,Jack Purcell,Casual,Men,"8,5",White/Navy,Canvas,70
Puma,Suede Classic,Casual,Women,"8,5",Pink,Suede,65
Vans,Sk8-Hi,Skate,Men,10,Black/White,Canvas,70
New Balance,Fresh Foam More,Running,Women,9,Grey/Purple,Mesh,165
Asics,Gel-Kayano 27,Running,Men,"10,5",Black/Green,Mesh,160
Fila,Trailblazer,Fashion,Women,7,Cream,Synthetic,75
Skechers,D'Lites Fresh Start,Walking,Men,"9,5",White/Black,Leather,70
Nike,Air Force 1,Casual,Women,"8,5",White/Red,Leather,90
Adidas,NMD_R1,Casual,Men,9,Black/White,Primeknit,130
Reebok,Club C 85 MU,Casual,Men,11,White/Black,Leather,75
Converse,Chuck 70,Casual,Women,"8,5",Cream,Canvas,85
Puma,Calibrate Runner,Running,Men,"8,5",Black/Blue,Mesh,120
Vans,Era,Skate,Women,7,Pink/White,Canvas,50
New Balance,FuelCell Propel v2,Running,Men,9,Blue/Green,Mesh,100
Asics,Gel-Cumulus 23,Running,Women,"8,5",Pink/White,Mesh,120
Fila,Mindblower,Fashion,Men,10,White/Black,Synthetic,75
Nike,Air Force 1,Casual,Men,11,White,Leather,90
Adidas,NMD_R1,Lifestyle,Women,8,Pink,Primeknit,140
Reebok,Nano X1,Training,Men,"9,5",Grey,Knit,130
Converse,All Star Hi,Casual,Women,7,Black,Canvas,60
Puma,Calibrate Runner,Running,Men,"10,5",Blue,Mesh,90
Vans,Sk8-Hi,Skate,Women,6,Red/White,Canvas,70
New Balance,327,Lifestyle,Men,"8,5",Green,Suede/Mesh,100
Asics,Gel-Quantum 180,Running,Women,"7,5",Grey,Mesh,120
Fila,Mindblower,Fashion,Men,9,White,Leather,70
Skechers,Max Cushioning,Walking,Women,9,Black,Mesh,75
Nike,React Infinity Run Flyknit,Running,Men,12,Black,Flyknit,160
Adidas,Adilette Comfort,Slides,Women,6,Black,Synthetic,35
Reebok,Classic Nylon,Casual,Men,10,Grey,Nylon,65
Converse,Chuck 70,Casual,Women,8,Cream,Canvas,85
Puma,RS-X3 Puzzle,Lifestyle,Men,"8,5",Black/Yellow,Synthetic,110
Vans,Era,Skate,Women,7,Pink,Canvas,55
New Balance,990v4,Running,Men,"9,5",Grey,Suede/Mesh,175
Asics,GT-2000 10,Running,Women,9,Blue,Mesh,120
Fila,D-Formation,Fashion,Men,11,White,Leather,65
Skechers,Equalizer 4.0,Training,Women,"8,5",Black,Knit,70
Nike,Air Zoom Pegasus 38,Running,Men,"10,5",Blue,Mesh,120
Nike,Air Force 1 '07,Basketball,Men,11,White,Leather,90
Adidas,Yeezy Boost 350 V2,Fashion,Men,9,Zebra,Primeknit,220
Reebok,Nano X1 Adventure,Training,Men,10,Khaki,Textile/Leather,130
Converse,Jack Purcell Low,Casual,Women,"7,5",Pink,Canvas,65
Puma,Clyde All-Pro,Basketball,Men,"10,5",Black/White,Leather/Suede,130
Vans,Sk8-Hi,Skate,Women,9,Checkerboard,Canvas,70
New Balance,Fresh Foam Hierro v6,Trail,Men,"9,5",Grey/Yellow,Synthetic/Mesh,135
Asics,Gel-Quantum 180 5,Running,Women,8,Pink,Mesh,120
Fila,D-Formation,Fashion,Men,11,Black,Leather,65
Skechers,Arch Fit Refine,Walking,Women,"6,5",Navy,Mesh,65
Nike,Air Zoom Pegasus 38,Running,Men,12,Blue,Mesh,120
Adidas,NMD_R1,Casual,Women,"8,5",Pink,Primeknit,130
Reebok,Floatride Energy 3,Running,Men,9,Black,Mesh,100
Converse,Chuck 70 High,Casual,Men,12,Green,Canvas,85
Puma,Calibrate Runner,Running,Women,9,White,Mesh,90
Vans,Era,Skate,Men,"8,5",Black,Canvas,50
New Balance,FuelCell Rebel v2,Running,Women,"7,5",Orange,Mesh,130
Asics,Gel-Cumulus 23,Running,Men,11,Grey,Mesh,120
Fila,Mindblower,Fashion,Women,7,White,Leather/Synthetic,65
Skechers,GOrun Mojo 2.0,Running,Men,8,Black,Mesh,60
Nike,Air Force 1,Basketball,Men,11,White,Leather,90
Adidas,NMD_R1,Running,Women,"8,5",Pink,Knit,140
Reebok,ZigWild Trail 7,Trail,Men,"9,5",Black,Mesh/Synthetic,110
Converse,Jack Purcell,Casual,Women,7,Blue,Canvas,65
Puma,Calibrate Runner,Running,Men,10,Grey,Mesh,90
Vans,SK8-Hi,Skate,Women,"6,5",Black/White,Canvas/Leather,70
New Balance,FuelCell Rebel v2,Running,Women,7,White/Pink,Mesh,110
Asics,Gel-Kahana 8,Running,Men,8,Grey,Mesh,85
Fila,Mindblower,Fashion,Women,"7,5",White/Pink,Leather/Synthetic,65
Skechers,Max Cushioning,Running,Men,11,Black,Mesh,85
Nike,Air Max 2090,Running,Men,12,Black,Mesh/Synthetic,150
Adidas,Superstar,Casual,Women,"9,5",White/Black,Leather,85
Reebok,Nano 9,Training,Men,10,Blue,Synthetic,130
Converse,Pro Leather,Casual,Men,"9,5",White/Green,Leather,80
Puma,RS-X³,Lifestyle,Women,"8,5",Pink,Mesh,110
Vans,Slip-On,Casual,Men,"10,5",Black/White,Canvas,50
New Balance,Fresh Foam More v3,Running,Men,12,Black/Grey,Mesh,165
Asics,GT-1000 9,Running,Women,"6,5",Blue,Mesh,90
Fila,T1 Mid,Casual,Men,11,White,Leather,65
Skechers,Go Walk 5,Walking,Women,"8,5",Black,Mesh,60
Nike,Blazer Mid '77,Casual,Men,"8,5",Green,Leather,100
Nike,Air Force 1,Casual,Men,"9,5",White,Leather,90
Adidas,NMD_R1,Lifestyle,Women,7,Black/Pink,Knit,140
Reebok,Nano X1,Crossfit,Men,10,Black,Mesh,130
Converse,Chuck 70,Casual,Women,"8,5",Ivory,Canvas,85
Puma,Calibrate,Running,Men,"8,5",Grey,Mesh,130
Vans,SK8-Hi,Skate,Men,"9,5",Black/White,Canvas,70
New Balance,574,Casual,Women,7,Pink,Suede,80
Asics,Gel-Quantum 180 6,Running,Men,11,Black,Mesh,120
Fila,Mindblower,Fashion,Women,8,White,Leather/Synthetic,65
Skechers,Max Cushioning,Running,Women,"7,5",Black,Mesh,90
Nike,Free RN Flyknit,Running,Men,10,Blue,Knit,130
Adidas,Adizero Boston 9,Running,Women,"6,5",Black,Mesh,120
Reebok,Zig Kinetica II,Running,Men,9,Blue,Mesh,120
Converse,Run Star Hike,Casual,Women,"8,5",White,Canvas,110
Puma,Ralph Sampson,Casual,Men,11,White/Green,Leather,80
Vans,Era,Skate,Women,7,Black,Canvas,55
New Balance,990v4,Running,Men,"10,5",Grey,Suede/Mesh,175
Asics,Gel-Kayano 27,Running,Women,9,Black,Mesh,160
Fila,D-Formation,Fashion,Men,9,White,Leather,70
Skechers,D'Lites,Walking,Women,8,White,Leather,65
Nike,Air Max 2090,Running,Men,9,Grey,Synthetic,150
Nike,Air Force 1 Low,Casual,Men,"9,5",White,Leather,90
Adidas,NMD_R1,Lifestyle,Women,"7,5",Pink/White,Primeknit,130
Reebok,Zig Kinetica II,Running,Men,11,Black,Mesh,120
Converse,Chuck 70 High,Casual,Men,"8,5",Cream,Canvas,85
Puma,Calibrate Runner,Running,Women,8,Black,Mesh,90
Vans,Sk8-Hi,Skate,Men,10,Black/White,Suede/Canvas,70
New Balance,327,Lifestyle,Women,"6,5",White/Green,Suede/Mesh,90
Asics,Gel-Quantum 90,Running,Men,10,Blue,Mesh,90
Fila,Original Fitness,Fashion,Women,"7,5",White/Navy,Leather/Synthetic,65
Skechers,Go Walk 5,Walking,Men,9,Grey,Mesh,65
Nike,React Infinity Run Flyknit,Running,Women,8,Black,Flyknit,160
Adidas,Superstar,Casual,Men,"8,5",White/Black,Leather,85
Reebok,Nano 9,Crossfit,Women,7,Grey,Mesh,130
Converse,Run Star Hike,Casual,Women,9,White,Canvas,100
Puma,RS-2K,Lifestyle,Men,10,White,Leather/Synthetic,120
Vans,Era,Skate,Women,"6,5",Black/White,Canvas,50
New Balance,FuelCell Propel v3,Running,Men,"9,5",Blue/Orange,Mesh,100
Asics,Gel-Kinsei OG,Running,Women,"8,5",White/Black,Mesh,180
Fila,Trigate,Fashion,Men,"9,5",White/Navy/Red,Synthetic,60
Skechers,Summits,Walking,Women,"7,5",Black/Pink,Mesh,60
Nike,Air Force 1 Low,Casual,Men,9,White,Leather,90
Adidas,NMD_R1,Lifestyle,Women,7,Pink,Primeknit,140
Reebok,Zig Kinetica,Running,Men,11,Black,Mesh,120
Converse,Chuck 70,Casual,Men,8,Grey,Canvas,85
Puma,Clyde All-Pro,Basketball,Men,"10,5",White,Leather,130
Vans,SK8-Hi,Skate,Women,7,Black/White,Suede/Canvas,70
New Balance,990v2,Running,Men,10,Grey,Suede/Mesh,175
Asics,Gel-Quantum 360 6,Running,Women,8,Black,Mesh,150
Fila,Original Fitness,Casual,Men,9,White/Navy,Leather,60
Skechers,Max Cushioning Premier,Running,Men,"8,5",Grey,Mesh,90
Nike,Blazer Mid,Casual,Women,"7,5",Red,Leather,100
Adidas,Superstar,Casual,Men,10,White/Black,Leather,80
Reebok,Classic Nylon,Casual,Women,8,Black/White,Nylon/Suede,65
Converse,All Star Pro BB,Basketball,Men,11,Black,Canvas,120
Puma,Calibrate Runner,Running,Women,"6,5",Blue,Mesh,120
Vans,Era,Skate,Men,"9,5",Red,Canvas,50
New Balance,Fresh Foam More v3,Running,Women,"7,5",Grey,Mesh,165
Asics,GT-2000 10,Running,Men,"9,5",Black,Mesh,120
Fila,D-Formation,Casual,Women,"8,5",White,Leather,70
Skechers,Equalizer 4.0,Walking,Men,12,Navy,Mesh,65
Nike,React Infinity Run Flyknit 2,Running,Women,9,Purple,Flyknit,160
Nike,Air Force 1,Basketball,Men,11,White,Leather,90
Adidas,Yeezy Boost 350 V2,Fashion,Women,"8,5",Cream,Primeknit,220
Reebok,Zig Kinetica,Running,Men,12,Black,Mesh,120
Converse,Chuck 70,Casual,Women,7,Egret,Canvas,85
Puma,Calibrate Runner,Running,Men,"8,5",Black,Mesh,80
Vans,Sk8-Hi,Skate,Women,9,Black/White,Canvas,70
New Balance,FuelCell Rebel v2,Running,Men,"10,5",Blue,Mesh,130
Asics,Gel-Quantum 90,Running,Women,7,Black,Mesh,80
Fila,Tracer,Fashion,Men,"9,5",White/Navy,Leather/Synthetic,65
Skechers,D'Lites,Walking,Women,"6,5",Black/White,Synthetic,65
Nike,React Infinity Run Flyknit 2,Running,Men,9,Black,Flyknit,160
Adidas,NMD_R1 V2,Casual,Women,"6,5",Pink,Primeknit,130
Reebok,Club C Legacy,Casual,Men,11,Green,Leather,80
Converse,Jack Purcell,Casual,Women,"7,5",White,Canvas,65
Puma,Clyde All-Pro,Basketball,Men,10,Black,Leather,130
Vans,Slip-On,Casual,Women,"8,5",Black,Canvas,50
New Balance,Fresh Foam Hierro v6,Trail Running,Men,10,Grey/Orange,Synthetic/Mesh,135
Asics,GT-2000 10,Running,Women,9,Black/Pink,Mesh,120
Fila,Ray,Fashion,Men,11,White,Synthetic,65
Skechers,Ultra Flex 2.0,Walking,Women,"7,5",Navy/White,Mesh,60
Nike,React Infinity Run,Running,Women,"9,5",Grey/Pink,Mesh,160
Adidas,Ultraboost 5.0 DNA,Running,Men,9,White,Primeknit,180
Reebok,Nano X1,Training,Women,"8,5",Black,Flexweave/Knit,130
Converse,Jack Purcell,Casual,Men,11,White,Canvas,75
Puma,Calibrate Runner,Running,Men,10,Grey/Black,Mesh,90
Vans,Sk8-Hi,Skate,Women,7,Black/White,Canvas/Suede,65
New Balance,327,Lifestyle,Men,"8,5",Blue/Orange,Suede/Nylon,90
Asics,Gel-Cumulus 23,Running,Women,"7,5",Pink,Mesh,120
Fila,Trailblazer,Fashion,Men,9,Green/Orange,Leather/Synthetic,80
Skechers,Go Walk Joy,Walking,Women,"6,5",Black,Mesh,"54,99"
Nike,Blazer Mid '77,Casual,Men,10,White/Black,Leather,100
Adidas,NMD_R1,Lifestyle,Women,6,Pink/White,Primeknit,130
Reebok,Legacy Lifter,Weightlifting,Men,"9,5",Black/Gold,Leather,200
Converse,Run Star Hike,Casual,Women,"7,5",Pink,Canvas,110
Puma,Wild Rider,Lifestyle,Men,11,Black/White,Suede/Leather,90
Vans,Slip-On,Casual,Women,8,Black/White Checkerboard,Canvas,50
New Balance,Fresh Foam 1080v10,Running,Men,12,Black/Green,Mesh,150
Asics,Gel-Quantum 360 6,Running,Women,9,Black/White,Mesh,150
Fila,Spaghetti,Fashion,Men,"9,5",White/Navy,Leather/Synthetic,75
Nike,Air Max 90,Running,Men,"8,5",White,Leather,120
Adidas,NMD_R1,Lifestyle,Women,7,Black/Pink,Primeknit,130
Reebok,Nano X,Crossfit,Men,9,Grey,Mesh,130
Converse,All Star Pro BB,Basketball,Women,"9,5",Purple,Canvas,110
Puma,Suede Classic,Casual,Men,11,Black,Suede,65
Vans,Sk8-Hi,Skate,Women,"7,5",Yellow,Suede,65
New Balance,574,Casual,Men,10,Grey,Suede/Mesh,80
Asics,Gel-Quantum 360 6,Running,Women,"8,5",Black,Mesh,150
Fila,Original Fitness,Fashion,Men,"10,5",White,Leather,65
Skechers,Go Run 600,Running,Women,6,Pink,Mesh,60
Nike,Air Force 1,Casual,Men,"9,5",Grey,Leather,90
Adidas,Yeezy Boost 350,Lifestyle,Women,"6,5",Cream,Primeknit,220
Reebok,Legacy Lifter,Weightlifting,Men,"10,5",Black,Leather,200
Converse,Pro Leather,Casual,Women,"8,5",White/Green,Leather,85
Puma,RS-X³ Puzzle,Lifestyle,Men,"8,5",Red,Synthetic,110
Vans,Slip-On,Skate,Women,8,Black/White,Canvas,50
New Balance,FuelCell Propel v3,Running,Men,9,Red,Mesh,100
Asics,Gel-Kayano 28,Running,Women,"7,5",White/Pink,Mesh,160
Fila,Disruptor Low,Fashion,Men,"9,5",White/Navy,Synthetic,60
Skechers,Elite Flex,Walking,Women,"7,5",Black,Mesh,70
Nike,Air Force 1 '07,Basketball,Men,"9,5",White,Leather,100
Adidas,NMD_R1,Running,Women,7,Grey,Primeknit,140
Reebok,Aztrek Double Mix,Casual,Women,8,Pink/White,Suede/Mesh,100
Converse,All Star Leather,Casual,Men,"8,5",Black,Leather,65
Puma,Calibrate Runner,Running,Men,10,Blue,Mesh,90
Vans,SK8-Hi,Skate,Women,"6,5",Black/White,Suede/Canvas,70
New Balance,Fresh Foam 880v11,Running,Men,"11,5",Red,Mesh,130
Asics,Gel-Cumulus 23,Running,Women,"9,5",Purple,Mesh,120
Fila,Mindblower,Fashion,Men,"9,5",White/Blue,Leather/Synthetic,75
Skechers,Summits - Quick Lapse,Walking,Women,8,Black/Pink,Mesh,60
Nike,Air Max 97,Running,Men,"11,5",Black,Leather/Synthetic,170
Adidas,ZX 2K Boost,Casual,Women,"7,5",White/Pink,Mesh/Synthetic,150
Reebok,Club C Revenge,Casual,Men,10,White/Green,Leather,80
Converse,Chuck 70 High,Casual,Women,6,Red,Canvas,85
Puma,Cali Sport,Lifestyle,Men,"8,5",Black/White,Leather,80
Vans,Slip-On,Skate,Women,7,Black/White,Canvas,50
New Balance,Fresh Foam More v2,Running,Men,9,Grey,Mesh,165
Asics,GT-2000 10,Running,Women,8,Blue,Mesh,120
Fila,Original Fitness,Fashion,Men,11,White,Leather,60
Nike,Air Force 1,Basketball,Men,11,White,Leather,90
Adidas,NMD_R1,Running,Women,8,Pink,Primeknit,140
Reebok,Zig Kinetica,Running,Men,"10,5",Black,Mesh,120
Converse,Jack Purcell,Casual,Women,"7,5",White,Canvas,65
Puma,Clyde All-Pro,Basketball,Men,"10,5",Black,Leather,130
Vans,Sk8-Hi,Skate,Women,9,Black/White,Canvas/Suede,70
New Balance,Fresh Foam More v3,Running,Men,"9,5",Blue,Mesh,165
Asics,Gel-Kayano Lite,Running,Women,"7,5",Black,Mesh,120
Fila,Mindblower,Fashion,Men,9,Grey,Synthetic,70
Skechers,D'Lites,Lifestyle,Women,"8,5",White,Leather/Synthetic,65
Nike,Air Max 95,Running,Men,11,Grey,Synthetic,170
Adidas,Superstar,Casual,Women,7,White/Black,Leather,80
Reebok,DMX Series 2K,Casual,Men,"9,5",White/Blue,Synthetic,90
Converse,All Star Lift,Casual,Women,"6,5",Black,Canvas,65
Puma,Ralph Sampson,Basketball,Men,11,White,Leather,80
Vans,Era,Skate,Women,"8,5",Red,Canvas,55
New Balance,FuelCell Rebel v2,Running,Men,10,Black,Mesh,130
Asics,Gel-Quantum 90,Running,Women,8,Black/Pink,Mesh,80
Fila,Original Fitness,Casual,Men,"8,5",White/Red,Leather,65
Skechers,Elite Flex Wasick,Training,Women,"7,5",Grey,Knit,65
Nike,React Infinity Run Flyknit,Running,Men,10,Blue,Flyknit,160
Nike,Air Force 1 '07,Casual,Men,9,White/Black,Leather,90
Adidas,Yeezy Boost 350 V2,Fashion,Women,"8,5",Cream White,Primeknit/Synthetic,220
Reebok,Nano X1 Adventure,Training,Men,"10,5",Black,Mesh/Synthetic,130
Converse,Jack Purcell,Casual,Women,7,White,Canvas,65
Puma,Calibrate Runner,Running,Men,11,Grey,Mesh/Synthetic,100
Vans,SK8-Hi,Skate,Women,"9,5",Purple,Canvas/Suede,70
New Balance,FuelCell Rebel v2,Running,Men,"9,5",Black/White,Mesh/Synthetic,130
Asics,Gel-Quantum 360 6,Running,Women,6,Pink,Mesh/Synthetic,170
Fila,Mindblower,Fashion,Men,"8,5",Red/White,Synthetic/Leather,75
Skechers,Max Cushioning Elite,Running,Women,7,Navy,Mesh/Synthetic,110
Nike,Air Max 90,Running,Men,8,Black/White,Leather/Mesh,120
Adidas,NMD_R1,Fashion,Women,7,Grey,Knit/Synthetic,140
Reebok,Nano X1 Grit,Training,Men,11,Grey/Black,Mesh/Synthetic,130
Converse,All Star,Casual,Men,9,Navy,Canvas,55
Puma,Future Rider Play On,Lifestyle,Women,9,Yellow,Synthetic/Textile,80
Vans,Era,Skate,Men,"9,5",Black/White,Canvas,50
New Balance,Fresh Foam X Beacon v3,Running,Women,7,White/Grey,Mesh,120
Asics,Gel-Kayano 27,Running,Men,12,Black,Mesh/Synthetic,160
Fila,Trigate,Fashion,Women,8,Pink,Synthetic/Leather,65
Nike,Air Force 1,Casual,Men,11,White,Leather,90
Adidas,Yeezy Boost 350 V2,Fashion,Women,7,Cream,Primeknit,220
Reebok,Nano X1,CrossFit,Men,10,Black/White,Mesh,130
Converse,All Star,Casual,Women,"8,5",Red,Canvas,60
Puma,Calibrate Rest,Running,Men,"8,5",Grey,Mesh,100
Vans,Sk8-Hi,Skate,Men,9,Black/White,Suede/Canvas,70
New Balance,327,Casual,Women,7,Green/White,Suede/Nylon,90
Asics,Gel-Cumulus 23,Running,Men,9,Black,Mesh,120
Fila,Mindblower,Fashion,Women,"7,5",Pink,Leather,75
Skechers,Max Cushioning,Walking,Men,11,Grey,Mesh,90
Nike,React Infinity Run Flyknit 2,Running,Women,8,Blue,Flyknit,160
Adidas,Ultraboost 20,Running,Men,"9,5",White,Primeknit,180
Reebok,Aztrek 96,Casual,Women,9,Purple,Synthetic,90
Converse,Jack Purcell,Casual,Men,"8,5",White,Canvas,70
Puma,RS-X3,Fashion,Women,"7,5",Pink,Leather/Synthetic,110
Vans,Slip-On,Skate,Men,"9,5",Checkerboard Black/White,Canvas,50
New Balance,FuelCell Rebel v2,Running,Women,"8,5",Grey/Green,Mesh,130
Asics,Gel-Quantum 360 6,Running,Men,10,Black,Mesh,160
Fila,D-Formation,Fashion,Women,6,White/Black,Leather/Synthetic,70
Skechers,Go Walk 5,Walking,Men,10,Black,Mesh,65
Nike,Air Max 2090,Running,Women,"7,5",Green,Mesh,150
Nike,React Infinity Run,Running,Men,"9,5",Blue/Black,Mesh,160
Adidas,NMD_R1,Lifestyle,Women,"7,5",Grey,Primeknit,130
Reebok,Nano 9,Training,Men,10,Black,Flexweave,130
Converse,All Star Pro BB,Basketball,Women,"8,5",White,Leather,100
Puma,Clyde Hardwood,Basketball,Men,8,Red/Black,Leather,110
Vans,Sk8-Hi,Skate,Women,"7,5",Black/White,Suede/Canvas,70
New Balance,327,Casual,Men,"9,5",Green,Suede/Mesh,90
Asics,Gel-Quantum 360 6,Running,Women,8,Pink,Mesh/Synthetic,160
Fila,Mindblower,Fashion,Men,10,White/Red,Leather,75
Skechers,D'Lites,Walking,Women,"7,5",Black,Leather/Synthetic,60
Nike,Blazer Mid '77,Casual,Men,10,White/Black,Leather,100
Adidas,Superstar,Casual,Women,"8,5",White/Black,Leather,80
Reebok,Classic Nylon,Casual,Men,11,Black,Nylon/Suede,60
Converse,Chuck 70,Casual,Women,"7,5",Egret,Canvas,85
Puma,Ralph Sampson Mid,Basketball,Men,"9,5",White,Leather,90
Vans,Era,Skate,Men,"8,5",Red,Canvas,55
New Balance,FuelCell Rebel v2,Running,Women,7,Purple,Mesh,130
Asics,GT-2000 10,Running,Men,"9,5",Grey,Mesh,120
Fila,Trailblazer,Hiking,Women,8,Beige,Leather/Synthetic,85
Skechers,Summits,Training,Men,11,Black,Mesh,60
Nike,Air Force 1,Basketball,Men,11,White,Leather,90
Adidas,Yeezy Boost 350 V2,Lifestyle,Men,10,Cream,Primeknit,220
Reebok,Zig Kinetica,Running,Women,9,Pink,Mesh,120
Converse,Chuck 70,Casual,Men,9,Black,Canvas,85
Puma,Clyde All-Pro,Basketball,Men,"9,5",Black,Leather,130
Vans,Sk8-Hi,Skate,Women,7,Black/White,Suede/Canvas,70
New Balance,574,Casual,Men,8,Grey,Suede/Mesh,80
Asics,Gel-Quantum 360,Running,Women,"7,5",Grey,Mesh,170
Fila,Mindblower,Fashion,Men,11,White/Red,Leather,75
Skechers,Energy Wave Linxe,Walking,Women,8,Grey,Mesh,60
Nike,React Infinity Run Flyknit 2,Running,Men,"9,5",Black/White,Flyknit,160
Adidas,Ultraboost DNA,Running,Women,"6,5",White,Primeknit,180
Reebok,Nano X1,Training,Men,10,Blue,Mesh,130
Converse,Jack Purcell,Casual,Women,7,White,Canvas,65
Puma,Calibrate Runner,Running,Men,"10,5",Grey,Mesh,120
Vans,Slip-On,Skate,Men,"8,5",Black/White,Canvas,50
New Balance,FuelCell Rebel V2,Running,Women,"7,5",Pink,Mesh,110
Asics,Gel-Kayano 27,Running,Men,"11,5",Black,Mesh,160
Fila,Original Fitness,Casual,Women,"8,5",White,Leather,60
Skechers,Go Run Mojo 2.0,Running,Men,9,Black,Mesh,55
Nike,Zoom Fly 3,Running,Women,9,Blue,Mesh,160
Nike,Blazer Mid '77,Basketball,Men,11,White/Black,Leather,100
Adidas,Yeezy Boost 350 V2,Lifestyle,Women,"6,5",Cloud White,Primeknit,220
Reebok,Nano X1,CrossFit,Men,"9,5",Black/White,Knit/Synthetic,130
Converse,Jack Purcell,Casual,Women,8,Pink,Canvas,65
Puma,Calibrate,Running,Men,10,Grey/White,Mesh/Synthetic,120
Vans,Sk8-Hi,Skate,Women,7,Black/White,Suede/Canvas,70
New Balance,574,Casual,Men,12,Navy/Red,Suede/Mesh,85
Asics,Gel-Quantum 90,Running,Women,"7,5",Black/Gold,Mesh/Synthetic,90
Fila,Original Fitness,Casual,Men,11,White/Navy/Red,Leather,70
Skechers,Elite Flex,Walking,Women,9,Grey/Pink,Knit,70
Nike,Air Zoom Pegasus 38,Running,Men,10,Blue,Mesh/Synthetic,120
Adidas,NMD_R1,Lifestyle,Women,"8,5",Black/Pink,Knit,140
Reebok,Floatride Energy 3,Running,Men,"8,5",White/Black,Knit/Synthetic,100
Converse,All Star Chuck 70,Skate,Women,9,Black,Canvas,85
Puma,Clyde All-Pro,Basketball,Men,9,Black/Yellow,Leather/Synthetic,130
Vans,Era,Skate,Women,8,Multi-color,Canvas,55
New Balance,Fresh Foam 880v11,Running,Men,"9,5",Grey,Mesh,130
Asics,Gel-Kayano 28,Running,Women,9,Black,Mesh,160
Fila,Trigate,Running,Men,10,Black/White,Mesh/Synthetic,65
Nike,React Infinity Run,Running,Men,"9,5",Blue/Green,Mesh,160
Adidas,NMD_R1,Lifestyle,Women,8,White/Black,Primeknit,140
Reebok,Nano 9,CrossFit,Men,10,Black,Synthetic/Textile,130
Converse,Jack Purcell,Casual,Women,"7,5",White,Canvas,65
Puma,Calibrate Runner,Running,Men,11,Black/White,Mesh,120
Vans,Era,Skate,Women,"7,5",Pink,Canvas,50
New Balance,327,Casual,Men,8,Grey/Green,Suede/Mesh,100
Asics,Gel-Quantum 180 5,Running,Women,9,Pink/Black,Mesh/Synthetic,120
Fila,D-Formation,Fashion,Men,"9,5",White/Red,Leather/Synthetic,70
Skechers,Max Cushioning Elite,Running,Women,"6,5",Grey/Pink,Mesh,90
Nike,ZoomX Vaporfly Next%,Running,Men,10,Black/White,Mesh,250
Adidas,Yeezy Boost 350 V2,Fashion,Women,"7,5",Cream White,Primeknit,220
Reebok,Aztrek 96,Casual,Men,"11,5",Black/White,Suede/Textile,90
Converse,Chuck 70,Casual,Women,"6,5",Sunflower,Canvas,85
Puma,Future Rider,Lifestyle,Men,10,Blue/Red,Synthetic/Mesh,80
Vans,Sk8-Hi,Skate,Women,8,Yellow,Canvas/Suede,65
New Balance,Fresh Foam More,Running,Men,"9,5",Black/White,Mesh,165
Asics,Gel-Kayano 28,Running,Women,7,White/Pink,Mesh,160
Fila,Venom,Fashion,Men,"8,5",White/Red/Navy,Leather/Synthetic,65
Nike,Air Force 1 '07,Basketball,Men,11,White,Leather,90
Adidas,NMD_R1,Lifestyle,Women,8,Pink,Primeknit,130
Reebok,Nano X1 Adventure,Training,Men,"10,5",Grey,Flexweave,130
Converse,Jack Purcell Low Top,Casual,Women,7,White,Canvas,65
Puma,Clyde All-Pro,Basketball,Men,12,Black/White,Leather/Synthetic,130
Vans,SK8-Hi,Skate,Women,"7,5",Pink,Suede/Canvas,65
New Balance,327,Lifestyle,Men,"9,5",Green,Suede/Mesh,90
Asics,Gel-Lyte III,Lifestyle,Women,9,Black/Grey,Leather/Suede,110
Fila,Original Fitness,Fashion,Men,"9,5",White,Leather,60
Skechers,Max Cushioning Elite,Running,Women,7,Black,Mesh,100
Nike,Air Zoom Pegasus 38,Running,Men,10,Blue,Mesh,120
Adidas,Harden Vol. 5,Basketball,Women,"8,5",Grey,Textile,130
Reebok,DMX Trail Shadow,Running,Men,9,Orange,Synthetic/Mesh,120
Converse,Chuck 70 High Top,Casual,Men,"11,5",Black,Canvas,85
Puma,RS-X Hard Drive,Lifestyle,Women,"6,5",Silver/White,Mesh/Synthetic,120
Vans,Era,Skate,Men,"8,5",Red,Canvas,50
New Balance,Fresh Foam More v3,Running,Women,8,Black,Mesh/Synthetic,165
Asics,Gel-Quantum 360 6,Running,Men,"10,5",Black/Red,Mesh/Synthetic,170
Fila,Mindblower,Fashion,Women,7,Pink,Synthetic,75
Skechers,D'Lites Fresh Start,Walking,Men,12,White,Synthetic/Leather,65
Nike,Blazer Mid '77,Skate,Men,9,Black/White,Leather,100
Adidas,Ultraboost DNA,Running,Women,"8,5",Grey,Primeknit,180
Reebok,Classic Nylon,Casual,Men,12,Navy,Nylon,65
Converse,Chuck 70,Casual,Women,"6,5",Pink,Canvas,85
Puma,Calibrate Runner,Running,Men,10,Black,Mesh,90
Vans,Sk8-Hi,Skate,Women,"7,5",Red,Canvas/Suede,70
New Balance,Fresh Foam More,Running,Men,"9,5",Black,Mesh,160
Asics,Gel-Quantum 180,Running,Women,"7,5",Blue,Mesh,120
Fila,D-Formation,Fashion,Men,11,White,Leather,70
Skechers,Solar Fuse,Walking,Women,8,Grey,Mesh,70
Nike,Air Max 2090,Running,Men,"10,5",Green,Mesh,150
Adidas,Adilette Shower,Slides,Women,6,Pink,Synthetic,25
Reebok,Nano X1,Training,Men,11,Red,Mesh,130
Converse,Jack Purcell,Casual,Women,"7,5",White,Canvas,75
Puma,Suede Classic+,Casual,Men,8,Black,Suede,65
Vans,Slip-On,Skate,Women,9,Checkerboard Black/White,Canvas,50
New Balance,FuelCell Rebel v2,Running,Men,"8,5",Green,Mesh,130
Asics,Gel-Sonoma 6,Trail,Women,"6,5",Grey,Mesh,75
Fila,Ray Tracer Evo,Fashion,Men,12,Black,Synthetic,65
Skechers,Max Cushioning,Running,Women,8,Navy,Mesh,85
Nike,React Infinity Run Flyknit,Running,Men,11,Blue,Flyknit,160
Nike,Air Force 1 Low,Casual,Men,12,White,Leather,90
Adidas,Yeezy Boost 350,Fashion,Women,8,Cream White,Primeknit,220
Reebok,Nano 9,Training,Men,11,Black/Gum,Flexweave/Cushioning,130
Converse,Jack Purcell,Casual,Women,"7,5",Egret/Black,Canvas,65
Puma,Calibrate Runner,Running,Men,"10,5",Grey,Mesh,100
Vans,Sk8-Hi,Skate,Women,"9,5",Black/White,Canvas/Suede,70
New Balance,997H,Casual,Men,"9,5",Black/Grey,Suede/Mesh,"89,99"
Asics,Gel-Cumulus 22,Running,Women,8,Pink,Mesh,120
Fila,Mindblower,Fashion,Men,"8,5",White/Navy/Red,Synthetic/Leather,75
Skechers,Go Walk 5,Walking,Women,7,Black,Mesh,60
Nike,Blazer Low,Casual,Men,10,Black,Leather,85
Adidas,Ultraboost 6.0,Running,Women,7,Grey,Primeknit,180
Reebok,Aztrek 96,Casual,Men,12,White/Black,Synthetic,90
Converse,Pro Leather,Basketball,Women,"8,5",White,Leather,75
Puma,Suede Classic,Casual,Men,"9,5",Black/White,Suede,65
Vans,Era,Skate,Women,8,True White,Canvas,50
New Balance,1500v6,Racing,Men,8,Orange,Mesh,110
Asics,Gel-Kayano 27,Running,Women,7,Grey,Mesh,160
Fila,Original Fitness,Casual,Men,"10,5",Black,Leather,60
Skechers,Go Run Mojo,Running,Women,"9,5",Grey/Pink,Mesh,60
Nike,Air Force 1,Casual,Men,"10,5",White,Leather,90
Adidas,NMD_R1,Lifestyle,Women,"8,5",Grey/Pink,Primeknit,140
Reebok,Nano X1 Adventure,Training,Men,11,Black,Knit,130
Converse,Chuck 70,Casual,Women,7,Pink,Canvas,85
Puma,Cali Sport,Fashion,Women,"6,5",White/Black,Leather,80
Vans,Sk8-Hi,Skate,Men,"9,5",Blue/White,Suede/Canvas,70
New Balance,Fresh Foam More v3,Running,Women,"7,5",Pink/White,Mesh,165
Asics,Gel-Cumulus 23,Running,Men,"9,5",Black,Mesh,120
Fila,Trail Blazer,Hiking,Women,"9,5",Green,Suede/Leather,70
Skechers,Go Run Mojo Pep,Running,Men,"8,5",Black,Mesh,70
Nike,Air Zoom Pegasus 38,Running,Women,"6,5",Blue/Pink,Mesh,120
Adidas,Superstar,Casual,Men,11,White/Black,Leather,80
Reebok,Classic Nylon,Casual,Women,"8,5",Purple,Nylon,65
Converse,Jack Purcell,Casual,Men,9,White,Canvas,70
Puma,Suede Classic+,Casual,Women,7,Black,Suede,65
Vans,Era,Skate,Men,"10,5",Black/White,Canvas,55
New Balance,574,Casual,Women,9,Grey/White,Suede/Mesh,80
Asics,Gel-Contend 7,Running,Men,10,Blue,Mesh,70
Fila,Trigate,Running,Women,7,Black/Pink,Synthetic/Mesh,70
Skechers,Flex Appeal 4.0,Training,Men,"8,5",Grey/Orange,Knit,70
Nike,Air Force 1 Low,Casual,Men,"9,5",White,Leather,90
Adidas,Yeezy Boost 350 V2,Lifestyle,Men,11,Cream White,Primeknit,220
Reebok,Aztrek,Retro,Women,"7,5",Black/Gold/Red,Suede/Mesh,90
Converse,Jack Purcell,Casual,Men,8,Navy,Canvas,65
Puma,Calibrate Runner,Running,Women,8,Grey/White,Mesh,80
Vans,Era,Skate,Men,10,Black/White,Canvas,55
New Balance,327,Retro,Men,12,Grey/Orange,Suede/Mesh,100
Asics,Gel-Kayano 27,Running,Women,"9,5",Blue/Pink,Mesh,160
Fila,D-Formation,Fashion,Men,9,Black,Leather/Synthetic,65
Skechers,Go Run Ride 8,Running,Women,"7,5",Black/Pink,Mesh,90
Nike,React Infinity Run,Running,Men,11,Black,Mesh/Synthetic,160
Adidas,NMD_R1,Lifestyle,Women,8,Black/Grey,Primeknit,130
Reebok,Club MEMT,Casual,Men,"9,5",White/Grey,Leather,65
Converse,Chuck 70,Skate,Women,"6,5",White,Canvas,85
Puma,Clyde,Retro,Men,8,Red,Suede,80
Vans,Sk8-Hi,Skate,Women,"7,5",Pink/White,Canvas,65
New Balance,1080v10,Running,Men,"10,5",Grey,Mesh,150
Asics,Gel-Quantum 180,Running,Women,"7,5",Black/White,Mesh,140
Fila,Original Fitness,Casual,Men,10,White/Navy/Red,Leather,60
Skechers,Summits,Walking,Women,9,Black/Grey,Mesh,60
Nike,Air Force 1,Basketball,Men,11,White,Leather,90
Adidas,Yeezy Boost 350 V2,Lifestyle,Men,9,Natural,Primeknit,220
Reebok,Legacy Lifter,Weightlifting,Men,"10,5",Black,Synthetic,150
Converse,Jack Purcell,Casual,Women,"7,5",White,Canvas,75
Puma,Calibrate Runner,Running,Men,10,Grey,Mesh,100
Vans,Slip-On,Skate,Women,"8,5",Checkered,Canvas,50
New Balance,327,Casual,Men,9,Navy/Red,Suede/Nylon,100
Asics,Gel-Quantum 360 6,Running,Women,"8,5",Pink,Mesh,150
Fila,Mindblower,Fashion,Men,11,White/Navy,Synthetic,75
Skechers,Go Run Mojo,Running,Women,"7,5",Black/Pink,Mesh,65
Nike,Zoom Fly 3,Running,Men,10,Black,Mesh,160
Adidas,Ultra Boost DNA,Running,Women,"8,5",Grey,Primeknit,180
Reebok,Nano 9,Crossfit,Men,"9,5",Grey/Black,Mesh,130
Converse,Pro Leather,Skate,Women,6,White,Leather,75
Puma,Clyde All-Pro,Basketball,Men,"11,5",White/Black,Leather,130
Vans,Sk8-Hi,Skate,Men,"8,5",Black/White,Suede/Canvas,70
New Balance,574,Casual,Women,"7,5",Burgundy,Suede/Leather,80
Asics,Gel-Cumulus 23,Running,Men,"11,5",Black/Red,Mesh,120
Fila,Original Fitness,Casual,Women,"8,5",White/Navy,Leather,65
Skechers,Go Walk 5,Walking,Men,9,Charcoal,Mesh,65
Nike,Air Force 1,Casual,Men,"8,5",White,Leather,90
Adidas,Yeezy Boost 350,Lifestyle,Men,10,Grey,Primeknit,220
Reebok,Nano 9,Crossfit,Women,7,Black,Mesh,130
Converse,All Star,Casual,Men,9,Red,Canvas,55
Puma,Clyde Court,Basketball,Men,11,Black,Mesh,120
Vans,Sk8-Hi,Skate,Women,"7,5",Red,Suede,65
New Balance,327,Lifestyle,Men,9,Green,Suede/Mesh,90
Asics,Gel-Kinsei OG,Running,Women,"8,5",White,Mesh,180
Fila,Mindblower,Fashion,Men,10,Blue,Synthetic,75
Skechers,Go Walk 5,Walking,Women,8,Grey,Mesh,60
Nike,Zoom Pegasus 38,Running,Men,10,Black,Mesh,120
Adidas,NMD_R1,Lifestyle,Women,"7,5",Black/Pink,Primeknit,140
Reebok,Aztrek 96,Casual,Men,11,Grey,Synthetic,90
Converse,Pro Leather,Basketball,Women,"8,5",White,Leather,85
Puma,RS-X,Lifestyle,Men,9,Black,Leather,110
Vans,Era,Skate,Women,"6,5",Black,Canvas,50
New Balance,FuelCell Rebel v2,Running,Women,"9,5",Blue,Mesh,130
Asics,Gel-Quantum 360 6,Running,Men,9,Black/Grey,Mesh,180
Fila,V94M Low,Fashion,Women,7,White/Pink,Leather,75
Skechers,Stamina,Training,Men,9,Black,Leather,65
Nike,SB Dunk Low,Skate,Men,"9,5",Orange,Leather,100
Nike,Air Force 1,Casual,Men,11,White/Black,Leather,90
Adidas,Yeezy Boost 350 V2,Fashion,Women,"8,5",Cinder,Primeknit,220
Reebok,Zig Kinetica II,Running,Men,"9,5",Black/White,Mesh/Synthetic,120
Converse,Jack Purcell,Casual,Women,"7,5",Black/White,Canvas,65
Puma,Calibrate Runner,Running,Men,10,Grey,Mesh,100
Vans,Sk8-Hi,Skate,Women,"6,5",Blue/White,Suede/Canvas,70
New Balance,574 Classic,Casual,Men,"9,5",Black/Yellow,Suede/Mesh,80
Asics,Gel-Kayano Lite,Running,Women,"8,5",Purple,Mesh/Synthetic,120
Fila,Trailblazer,Fashion,Men,"10,5",Black/Gold,Leather/Suede,75
Skechers,Uno Bold,Lifestyle,Women,"7,5",Pink/White,Synthetic,70
Nike,Air Max 2090,Running,Men,"11,5",Black/White,Mesh/Synthetic,150
Adidas,Ultra Boost DNA,Running,Women,8,Grey/White,Primeknit,180
Reebok,Classic Leather,Casual,Men,12,Navy/White,Leather,75
Converse,Chuck 70,Casual,Women,9,Red,Canvas,85
Puma,Suede Classic,Casual,Men,"9,5",Red/White,Suede,65
Vans,Era,Skate,Women,7,Black/White,Canvas,55
New Balance,FuelCell Rebel v2,Running,Men,"10,5",Blue/Yellow,Mesh,100
Asics,Gel-Quantum 360 6,Running,Women,"7,5",White/Grey,Mesh/Synthetic,180
Fila,Strada,Fashion,Men,11,White/Red/Blue,Synthetic,70
Nike,Air Force 1,Casual,Men,12,White,Leather,90
Adidas,NMD_R1,Lifestyle,Women,7,Pink,Primeknit,140
Reebok,Nano X1,Training,Men,11,Black,Flexweave,130
Converse,Jack Purcell,Casual,Men,9,White,Canvas,65
Puma,Clyde All-Pro,Basketball,Men,"10,5",Black,Leather,130
Vans,Sk8-Hi,Skate,Women,8,Black/White,Suede/Canvas,65
New Balance,327,Lifestyle,Men,"9,5",Grey,Suede/Mesh,90
Asics,Gel-Quantum 360 6,Running,Women,"8,5",Black/Pink,Mesh/Synthetic,160
Fila,Mindblower,Fashion,Men,10,White/Black,Leather/Synthetic,75
Skechers,Max Cushioning Elite,Running,Women,7,Grey/Pink,Mesh,90
Nike,ZoomX Invincible,Running,Men,"10,5",Blue,Mesh,180
Adidas,Harden Vol. 5,Basketball,Women,"8,5",Purple,Synthetic,130
Reebok,Classic Nylon,Casual,Men,12,Navy,Nylon,60
Converse,Chuck 70,Casual,Women,7,Ivory,Canvas,85
Puma,Suede Classic+,Casual,Men,"8,5",Black/White,Suede,65
Vans,Era,Skate,Men,"9,5",Red,Canvas,50
New Balance,FuelCell Prism,Running,Women,"9,5",Black,Mesh,90
Asics,Gel-Excite 8,Running,Men,9,Grey/Black,Mesh,75
Fila,Spaghetti,Fashion,Women,7,White,Leather/Synthetic,70
Skechers,D'Lites Fresh Start,Walking,Men,"10,5",Black,Leather,60
Nike,Air Force 1,Casual,Men,11,White,Leather,90
Adidas,NMD_R1,Lifestyle,Women,8,Black,Primeknit,140
Reebok,Nano 9,Training,Men,"10,5",Red,Mesh,130
Converse,Jack Purcell,Casual,Women,"7,5",White,Canvas,65
Puma,Calibrate Runner,Running,Men,"8,5",Black,Mesh,90
Vans,Sk8-Hi,Skate,Women,9,Purple,Suede/Canvas,65
New Balance,Fresh Foam More v3,Running,Women,9,Grey,Mesh,160
Asics,Gel-Kahana 8,Running,Men,"9,5",Blue,Mesh,85
Fila,Tracer,Fashion,Women,"7,5",White,Synthetic,65
Skechers,Summits,Walking,Men,12,Black,Mesh,65
Nike,Epic React Flyknit,Running,Women,"7,5",Grey,Flyknit,150
Adidas,Ultraboost 4.0,Running,Men,11,Black,Primeknit,180
Reebok,Legacy Lifter,Weightlifting,Men,9,White/Black,Synthetic,200
Converse,All Star Pro BB,Basketball,Women,7,Green,Leather,100
Puma,Cell Venom,Lifestyle,Men,10,Grey,Leather,90
Vans,Slip-On,Casual,Women,"6,5",Checkerboard,Canvas,50
New Balance,574,Casual,Men,12,Burgundy,Suede/Mesh,80
Asics,Gel-Quantum 360 6,Running,Women,"8,5",Pink,Mesh,150
Nike,Air Max 95,Running,Men,9,Grey,Leather/Synthetic,170
Adidas,NMD_R1,Lifestyle,Women,"7,5",Pink,Primeknit,140
Reebok,Nano X1,Training,Men,11,Black,Mesh,130
Converse,Jack Purcell,Casual,Men,8,White,Canvas,65
Puma,Calibrate Rest,Running,Women,"8,5",Black,Mesh,100
Vans,SK8-Hi,Skate,Men,"9,5",Red,Suede/Canvas,70
New Balance,327,Lifestyle,Women,"6,5",Grey,Suede/Mesh,100
Asics,Gel-Quantum 360 6,Running,Men,"10,5",Black,Mesh,180
Fila,Original Fitness,Casual,Women,9,White,Leather,70
Skechers,Max Cushioning,Running,Men,10,Blue,Mesh,90
Nike,React Infinity Run Flyknit,Running,Women,8,Blue,Flyknit,160
Adidas,Yeezy Boost 350 V2,Lifestyle,Men,9,Cream White,Primeknit,220
Reebok,Classic Nylon,Casual,Women,"7,5",Pink,Nylon,65
Converse,Chuck 70,Casual,Men,9,Black,Canvas,85
Puma,Clyde All-Pro,Basketball,Women,"7,5",White,Leather,130
Vans,Era,Skate,Men,10,Black/White,Canvas,55
New Balance,574,Lifestyle,Women,8,Grey,Suede/Textile,80
Asics,Gel-Excite 8,Running,Men,"9,5",Blue,Mesh,70
Fila,F-13,Fashion,Men,11,Black,Leather,65
Skechers,Go Walk 5,Walking,Women,"6,5",Black,Mesh,60
Nike,Air Force 1,Casual,Men,"8,5",White,Leather,90
Nike,Air Force 1,Casual,Men,9,White,Leather,90
Adidas,NMD_R1,Casual,Women,7,Black,Primeknit,130
Reebok,Zig Kinetica II,Running,Men,10,White,Mesh,120
Converse,Jack Purcell,Casual,Women,"8,5",Navy,Canvas,75
Puma,Calibrate Runner,Running,Men,"9,5",Black,Mesh,90
Vans,Sk8-Hi,Skate,Men,"8,5",Black/White,Suede/Canvas,70
New Balance,FuelCell Rebel v2,Running,Women,"8,5",Black/Pink,Mesh,130
Asics,Gel-Quantum 90,Running,Men,11,Grey,Mesh,80
Fila,Mindblower,Fashion,Women,7,White,Synthetic,75
Skechers,GOwalk 5,Walking,Men,9,Black,Mesh,65
Nike,Zoom Pegasus 38,Running,Women,"8,5",Blue,Mesh,120
Adidas,Yeezy Boost 350 V2,Casual,Men,11,Cream White,Primeknit,220
Reebok,Classic Nylon,Casual,Women,"7,5",Pink,Nylon,65
Converse,Chuck 70,Casual,Men,9,Red,Canvas,85
Puma,Suede Classic,Fashion,Women,6,Black,Suede,65
Vans,Era,Skate,Men,8,Grey,Canvas,50
New Balance,Fresh Foam Beacon v3,Running,Women,9,Grey,Mesh,120
Asics,Gel-Kayano 27,Running,Men,10,Black,Mesh,160
Fila,Disruptor III,Fashion,Women,"8,5",White,Synthetic,75
Skechers,Max Cushioning,Running,Men,"9,5",Blue,Mesh,90
Nike,Air Max 90,Casual,Women,"7,5",Green,Leather,120
Nike,Air Max 97,Running,Men,11,Silver,Synthetic/Leather,170
Adidas,Superstar,Casual,Women,"8,5",White/Black,Leather,80
Reebok,Zig Kinetica II,Running,Men,9,Grey,Mesh,120
Converse,Chuck 70,Casual,Men,12,Beige,Canvas,85
Puma,Calibrate Runner,Running,Women,"7,5",Black/White,Mesh,90
Vans,Sk8-Hi,Skate,Men,9,Black/White,Suede/Canvas,70
New Balance,574,Casual,Women,"7,5",Grey,Suede,80
Asics,Gel-Kayano 27,Running,Men,12,Black,Mesh,160
Fila,Mindblower,Fashion,Women,"9,5",Grey/Pink,Synthetic,75
Skechers,Summits - New World,Walking,Men,10,Black,Mesh,59
Nike,Air Force 1,Casual,Women,8,White,Leather,90
Adidas,Adizero Adios 5,Running,Men,"10,5",Blue,Mesh,140
Reebok,Nano 9,Training,Women,7,Black/White,Synthetic,130
Converse,Jack Purcell,Casual,Men,"8,5",Navy,Canvas,65
Puma,Clyde All-Pro,Basketball,Women,"7,5",White,Leather,130
Vans,Slip-On,Casual,Men,10,Black/White,Canvas,50
New Balance,FuelCell Propel V3,Running,Women,"8,5",Pink/White,Mesh,100
Asics,Gel-Quantum 180,Running,Men,"11,5",Black,Mesh,120
Fila,Ray Tracer Evo,Fashion,Women,8,White,Synthetic,65
Skechers,GOrun Razor Excess,Running,Men,9,Black/Yellow,Mesh,125
Nike,Zoom Pegasus 38,Running,Women,"7,5",Pink,Mesh,120
Nike,Blazer Mid '77,Casual,Men,10,White/Black,Leather,100
Adidas,NMD_R1,Running,Women,"7,5",Grey/Pink,Primeknit,140
Reebok,Nano 9,Crossfit,Men,"11,5",Black,Mesh,130
Converse,Jack Purcell,Casual,Women,"8,5",White,Canvas,65
Puma,Calibrate Runner,Running,Men,"9,5",Black/Yellow,Mesh,120
Vans,SK8-Hi,Skate,Men,9,Black/White,Suede/Canvas,65
New Balance,327,Casual,Women,"7,5",Purple,Suede/Leather,100
Asics,Gel-Cumulus 23,Running,Men,10,Blue/Black,Mesh,120
Fila,F-13,Casual,Women,9,White,Leather,80
Skechers,Go Walk 6,Walking,Men,"10,5",Black/Grey,Mesh,60
Nike,Air Force 1,Casual,Women,8,White,Leather,90
Adidas,Superstar,Casual,Men,10,Black/White,Leather,85
Reebok,Classic Nylon,Casual,Women,7,Pink,Nylon,60
Converse,Chuck 70,Casual,Men,11,Grey,Canvas,85
Puma,Clyde All-Pro,Basketball,Women,"7,5",White,Leather,130
Vans,Slip-On,Casual,Men,"8,5",Black/White,Canvas,50
New Balance,574,Casual,Women,"8,5",Navy,Suede/Leather,80
Asics,GT-2000 9,Running,Men,"9,5",Black,Mesh,120
Fila,Grant Hill 2,Basketball,Women,8,White/Navy,Leather,95
Skechers,Elite Flex,Walking,Men,"9,5",Grey,Knit,70
Nike,Air Force 1,Casual,Men,9,White,Leather,90
Adidas,NMD_R1,Lifestyle,Women,7,Grey,Primeknit,140
Reebok,Nano X1,Training,Men,"11,5",Black,Mesh,130
Converse,Chuck 70,Casual,Women,"8,5",Cream,Canvas,85
Puma,Suede Classic,Casual,Men,"10,5",Black/White,Suede,65
Vans,Sk8-Hi,Skate,Men,8,Black/White,Canvas,70
New Balance,327,Lifestyle,Women,8,White/Grey,Suede/Mesh,90
Asics,Gel-Quantum 90,Running,Men,10,Grey,Mesh,80
Fila,Mindblower,Fashion,Women,7,Pink,Leather/Synthetic,75
Skechers,Max Cushioning,Walking,Men,"9,5",Black,Mesh,80
Nike,React Infinity Run Flyknit 2,Running,Women,"6,5",Pink,Flyknit,160
Adidas,Ultraboost DNA,Running,Men,"9,5",White,Primeknit,180
Reebok,Zig Kinetica II,Running,Women,8,Blue,Mesh,120
Converse,Jack Purcell,Casual,Men,9,White,Canvas,65
Puma,Calibrate Runner,Running,Women,7,Grey,Mesh,90
Vans,Era,Skate,Men,10,Black,Canvas,50
New Balance,Fresh Foam Hierro v6,Trail Running,Men,"11,5",Green,Synthetic/Mesh,135
Asics,Gel-Kayano 27,Running,Women,"8,5",Blue,Mesh,160
Fila,Ray Tracer Evo,Fashion,Men,11,Black/White,Synthetic,75
Skechers,Go Run Mojo,Running,Women,"7,5",Black,Mesh,60
Nike,Air Force 1,Casual,Men,11,White,Leather,90
Adidas,NMD_R1,Running,Women,7,Pink,Primeknit,130
Reebok,Nano 9,Training,Men,"10,5",Black,Mesh,130
Converse,Jack Purcell,Casual,Women,"8,5",White,Canvas,65
Puma,Clyde All-Pro,Basketball,Men,9,Black,Leather,130
Vans,Sk8-Hi,Skate,Women,"7,5",Black/White,Suede/Canvas,70
New Balance,327,Casual,Men,9,Navy,Suede/Mesh,100
Asics,Gel-Kinsei OG,Running,Women,7,White,Mesh,180
Fila,Venom,Fashion,Men,11,Grey,Synthetic,75
Skechers,GOrun 7+,Running,Women,8,Black/Pink,Mesh,95
Nike,Blazer Mid '77,Casual,Men,12,White,Leather,100
Adidas,Ultraboost DNA,Running,Women,6,Blue,Primeknit,180
Reebok,Classic Nylon,Casual,Men,"9,5",Black,Nylon,65
Converse,Chuck 70,Casual,Women,9,Cream,Canvas,85
Puma,Calibrate Runner,Running,Men,10,Black/Yellow,Mesh,120
Vans,Era,Skate,Women,"6,5",Red,Canvas,50
New Balance,FuelCell Rebel V2,Running,Men,11,Black/Yellow,Mesh,110
Asics,Gel-Venture 8,Trail Running,Women,8,Grey,Mesh,70
Fila,Original Fitness,Casual,Men,10,White,Leather,70
Skechers,Max Cushioning Premier,Walking,Women,7,Grey,Mesh,80
Nike,React Infinity Run Flyknit,Running,Men,"10,5",Blue,Flyknit,160
Nike,React Infinity Run Flyknit,Running,Women,7,Black,Flyknit,160
Adidas,Superstar,Casual,Men,"10,5",White/Gold,Leather/Synthetic,85
Reebok,Nano X1,Training,Women,"8,5",Pink,Flexweave/Synthetic,130
Converse,Chuck 70,Casual,Men,"11,5",Yellow,Canvas,85
Puma,Calibrate Runner,Running,Women,9,Grey,Mesh,80
Vans,Sk8-Hi,Skate,Men,9,Black/White,Canvas/Suede,65
New Balance,327,Lifestyle,Women,7,Blue,Suede/Mesh,90
Asics,Gel-Quantum 90,Running,Men,9,Black/White,Mesh/Synthetic,80
Fila,Mindblower,Fashion,Women,8,Pink,Leather/Synthetic,70
Skechers,Go Run Mojo,Running,Men,8,Black,Mesh,60
Nike,Air Force 1,Casual,Women,"8,5",White,Leather,90
Adidas,NMD_R1,Casual,Men,"9,5",Black/White,Mesh,130
Reebok,Floatride Energy 3,Running,Women,"6,5",Black,Mesh,100
Converse,All Star Pro BB,Basketball,Men,12,Red,Leather/Synthetic,120
Puma,RS-2K,Lifestyle,Women,"7,5",White,Leather/Synthetic,110
Vans,Era,Skate,Men,8,Navy,Canvas,50
New Balance,FuelCell Rebel v2,Running,Women,"8,5",Pink,Mesh/Synthetic,130
Asics,Gel-Kayano 27,Running,Men,10,Black,Mesh/Synthetic,160
Fila,Trigate,Fashion,Women,9,Black,Leather/Synthetic,65
Skechers,Go Walk 6,Walking,Men,"9,5",Black,Mesh,60
Nike,Air Force 1 '07,Casual,Men,11,White,Leather,90
Adidas,NMD_R1,Lifestyle,Women,8,Pink/White,Primeknit,130
Reebok,Nano X,Crossfit,Men,"10,5",Black,Synthetic,130
Converse,Chuck 70 High Top,Casual,Men,"9,5",Black/White,Canvas,85
Puma,Calibrate Runner,Running,Women,9,Blue/White,Mesh,90
Vans,Sk8-Hi,Skate,Men,10,Black/White,Suede/Canvas,70
New Balance,327,Lifestyle,Women,"7,5",Green,Suede/Nylon,90
Asics,Gel-Kayano 27,Running,Men,"9,5",Grey,Mesh,160
Fila,Mindblower,Fashion,Women,"7,5",White/Blue,Leather/Synthetic,75
Skechers,Elite Flex Wasick,Training,Men,8,Navy,Mesh,65
Nike,Air Zoom Pegasus 38,Running,Women,"6,5",Grey/Pink,Mesh,120
Adidas,Ultraboost DNA,Running,Men,"11,5",Black/White,Primeknit,180
Reebok,Club C Revenge,Casual,Women,"8,5",Pink/White,Leather,80
Converse,Jack Purcell,Casual,Men,9,Navy,Canvas,65
Puma,Clyde All-Pro,Basketball,Women,7,Black/White,Leather,130
Vans,Era,Skate,Men,"9,5",Red,Canvas,50
New Balance,FuelCell Propel V3,Running,Women,"8,5",Black,Mesh,90
Asics,Gel-Nimbus Lite 2,Running,Men,10,Black,Mesh,150
Fila,V94M,Fashion,Women,"8,5",White/Blue,Leather/Synthetic,75
Nike,Air Force 1 '07,Casual,Men,11,White,Leather,90
Adidas,NMD_R1,Lifestyle,Women,8,Pink/White,Primeknit,130
Reebok,Nano X,Crossfit,Men,"10,5",Black,Synthetic,130
Converse,Chuck 70 High Top,Casual,Men,"9,5",Black/White,Canvas,85
Puma,Calibrate Runner,Running,Women,9,Blue/White,Mesh,90
Vans,Sk8-Hi,Skate,Men,10,Black/White,Suede/Canvas,70
New Balance,327,Lifestyle,Women,"7,5",Green,Suede/Nylon,90
Asics,Gel-Kayano 27,Running,Men,"9,5",Grey,Mesh,160
Fila,Mindblower,Fashion,Women,"7,5",White/Blue,Leather/Synthetic,75
Skechers,Elite Flex Wasick,Training,Men,8,Navy,Mesh,65
Nike,Air Zoom Pegasus 38,Running,Women,"6,5",Grey/Pink,Mesh,120
Adidas,Ultraboost DNA,Running,Men,"11,5",Black/White,Primeknit,180
Reebok,Club C Revenge,Casual,Women,"8,5",Pink/White,Leather,80
Converse,Jack Purcell,Casual,Men,9,Navy,Canvas,65
Puma,Clyde All-Pro,Basketball,Women,7,Black/White,Leather,130
Vans,Era,Skate,Men,"9,5",Red,Canvas,50
New Balance,FuelCell Propel V3,Running,Women,"8,5",Black,Mesh,90
Asics,Gel-Nimbus Lite 2,Running,Men,10,Black,Mesh,150
Fila,V94M,Fashion,Women,"8,5",White/Blue,Leather/Synthetic,75
Nike,Air Force 1,Casual,Men,11,White,Leather,90
Adidas,NMD_R1,Lifestyle,Women,"7,5",Pink,Primeknit,130
Reebok,Nano X1,Crossfit,Men,"9,5",Grey,Knit,130
Converse,Chuck 70,Casual,Women,"9,5",Black,Canvas,85
Puma,Calibrate,Running,Men,10,Grey,Mesh,120
Vans,SK8-Hi,Skate,Men,8,Red/White,Suede/Canvas,70
New Balance,327,Lifestyle,Women,"6,5",Purple,Suede/Mesh,100
Asics,Gel-Quantum 180,Running,Men,"11,5",Black,Mesh,120
Fila,Trailblazer,Fashion,Women,8,Brown,Leather,75
Skechers,Max Cushioning,Running,Women,"7,5",Navy,Mesh,90
Nike,Air Zoom Pegasus 38,Running,Men,"9,5",Blue,Mesh,120
Adidas,Superstar,Casual,Women,"8,5",White/Black,Leather,85
Reebok,Classic Nylon,Casual,Men,10,Grey,Nylon,65
Converse,Jack Purcell,Casual,Men,"9,5",White,Canvas,65
Puma,RS-2K,Lifestyle,Women,"7,5",Black,Mesh/Suede,110
Vans,Slip-On,Skate,Men,9,Black/White,Canvas,50
New Balance,FuelCell Rebel v2,Running,Women,9,Green/Black,Mesh,130
Asics,Gel-Kayano Lite,Running,Men,9,Grey,Mesh,160
Fila,Mindblower,Fashion,Women,"7,5",White,Leather,75
Skechers,D'Lites,Walking,Men,11,White,Leather,65
Nike,Air Max 97,Running,Women,8,Silver,Leather/Synthetic,170
Nike,Air Force 1,Lifestyle,Men,11,White,Leather,90
Adidas,Yeezy Boost 350,Lifestyle,Women,"8,5",Clay Brown,Primeknit,220
Reebok,Nano X,Training,Men,"9,5",Black/Red,Synthetic/Mesh,130
Converse,Chuck 70,Casual,Women,7,Natural Ivory,Canvas,85
Puma,Cali Sport,Lifestyle,Men,10,Black/White,Leather/Synthetic,80
Vans,Sk8-Hi,Skate,Women,9,Red/White,Suede/Canvas,70
New Balance,FuelCell Rebel v2,Running,Men,"8,5",Blue/Orange,Mesh,130
Asics,Gel-Cumulus 23,Running,Women,"7,5",White/Black,Mesh,120
Fila,D-Formation,Fashion,Men,11,White/Navy,Leather/Synthetic,65
Skechers,Max Cushioning Premier,Running,Women,"6,5",Black/White,Mesh,90
Nike,Air Zoom Pegasus 38,Running,Men,12,Black,Mesh,120
Adidas,Superstar,Casual,Women,"7,5",Cloud White,Leather,80
Reebok,Classic Nylon,Casual,Men,"10,5",Collegiate Navy,Nylon/Suede,65
Converse,Jack Purcell,Casual,Women,8,Black/White,Canvas,65
Puma,Suede Classic,Lifestyle,Men,"8,5",Black/White,Suede,65
Vans,Era,Skate,Women,6,Black/White,Canvas,50
New Balance,Fresh Foam Hierro v6,Trail,Men,10,Black/Red,Mesh/Synthetic,135
Asics,Gel-Excite 8,Running,Women,9,Black,Mesh,75
Fila,Mindblower,Fashion,Men,12,White/Navy/Red,Synthetic/Leather,65
Nike,Air Force 1,Casual,Men,9,White,Leather,90
Adidas,NMD_R1,Lifestyle,Women,8,Black,Primeknit,140
Reebok,Nano X,Crossfit,Men,"10,5",Black,Mesh,130
Converse,Jack Purcell,Casual,Men,"8,5",White,Canvas,70
Puma,Calibrate Runner,Running,Women,7,Grey,Mesh,80
Vans,Sk8-Hi,Skate,Men,"10,5",Black/White,Canvas/Suede,70
New Balance,FuelCell Rebel v2,Running,Women,9,White/Green,Mesh,130
Asics,Gel-Quantum 360 6,Running,Men,"9,5",Blue,Mesh,150
Fila,Mindblower,Fashion,Women,"8,5",Pink,Leather,80
Skechers,Go Walk 5,Walking,Men,11,Black,Mesh,65
Nike,React Infinity Run Flyknit 2,Running,Women,"8,5",Pink,Flyknit,160
Adidas,Ultraboost DNA,Running,Men,"8,5",White,Primeknit,180
Reebok,Aztrek 96,Casual,Women,"7,5",Yellow,Leather/Synthetic,90
Converse,Chuck 70,Casual,Men,7,Red,Canvas,85
Puma,Mirage Sport,Lifestyle,Women,6,Pink,Leather,90
Vans,Era,Skate,Men,"9,5",Black/White,Canvas,50
New Balance,Fresh Foam 880v11,Running,Women,10,Grey,Mesh,130
Asics,Gel-Kayano Lite,Running,Men,"9,5",Black,Mesh,160
Fila,Venom 94,Fashion,Women,"7,5",White,Leather,70
Skechers,Summits,Training,Men,8,Grey,Mesh,55
Nike,Air Max 97,Running,Women,"7,5",Silver,Leather,170